Workbook

Sheet 45 events
A1: Event_ID | B1: Smoothed_Peak_Date | C1: Start_Date | D1: End_Date | E1: Top_Raw_Date_1 | F1: Top_Raw_GPR_1 | G1: Top_Raw_Date_2 | H1: Top_Raw_GPR_2 | I1: Top_Raw_Date_3 | J1: Top_Raw_GPR_3 | K1: Uniqueness | L1: Source_IDs | M1: event names
A2: GPRD_11_1 | B2: 42207 | C2: 42192 | D2: 42212 | E2: 42200 | F2: 229.978 | G2: 42206 | H2: 193.97919 | I2: 42207 | J2: 152.95497 | K2: {=ROWS(_xlfn.UNIQUE(_xlfn._xlws.FILTER('135 Raw Peak Audit'!$G$2:$G$136,('135 Raw Peak Audit'!$A$2:$A$136=$A2)*('135 Raw Peak Audit'!$G$2:$G$136<>""))))} -> 2 | L2: {=_xlfn.TEXTJOIN("; ",TRUE,_xlfn.UNIQUE(_xlfn._xlws.FILTER('135 Raw Peak Audit'!$I$2:$I$136,('135 Raw Peak Audit'!$A$2:$A$136=$A2)*('135 Raw Peak Audit'!$I$2:$I$136<>""))))} -> E01; E02 | M2: {=_xlfn.TEXTJOIN("; ",TRUE,_xlfn.UNIQUE(_xlfn._xlws.FILTER('135 Raw Peak Audit'!$G$2:$G$136,('135 Raw Peak Audit'!$A$2:$A$136=$A2)*('135 Raw Peak Audit'!$G$2:$G$136<>""))))} -> Iran nuclear deal reached in Vienna (JCPOA announcement); Suruç bombing and immediate Turkey–PKK/ISIS escalation
A3: GPRD_11_2 | B3: 42331 | C3: 42314 | D3: 42338 | E3: 42325 | F3: 354.05188 | G3: 42326 | H3: 309.49536 | I3: 42333 | J3: 247.61719 | K3: {=ROWS(_xlfn.UNIQUE(_xlfn._xlws.FILTER('135 Raw Peak Audit'!$G$2:$G$136,('135 Raw Peak Audit'!$A$2:$A$136=$A3)*('135 Raw Peak Audit'!$G$2:$G$136<>""))))} -> 2 | L3: {=_xlfn.TEXTJOIN("; ",TRUE,_xlfn.UNIQUE(_xlfn._xlws.FILTER('135 Raw Peak Audit'!$I$2:$I$136,('135 Raw Peak Audit'!$A$2:$A$136=$A3)*('135 Raw Peak Audit'!$I$2:$I$136<>""))))} -> E03; E04 | M3: {=_xlfn.TEXTJOIN("; ",TRUE,_xlfn.UNIQUE(_xlfn._xlws.FILTER('135 Raw Peak Audit'!$G$2:$G$136,('135 Raw Peak Audit'!$A$2:$A$136=$A3)*('135 Raw Peak Audit'!$G$2:$G$136<>""))))} -> Paris attacks and the Saint-Denis anti-terror raid; Turkey shoots down a Russian military aircraft near the Syria border
A4: GPRD_11_3 | B4: 44336 | C4: 44320 | D4: 44354 | E4: 44342 | F4: 176.61284 | G4: 44341 | H4: 170.94144 | I4: 44337 | J4: 165.85251 | K4: {=ROWS(_xlfn.UNIQUE(_xlfn._xlws.FILTER('135 Raw Peak Audit'!$G$2:$G$136,('135 Raw Peak Audit'!$A$2:$A$136=$A4)*('135 Raw Peak Audit'!$G$2:$G$136<>""))))} -> 1 | L4: {=_xlfn.TEXTJOIN("; ",TRUE,_xlfn.UNIQUE(_xlfn._xlws.FILTER('135 Raw Peak Audit'!$I$2:$I$136,('135 Raw Peak Audit'!$A$2:$A$136=$A4)*('135 Raw Peak Audit'!$I$2:$I$136<>""))))} -> E05 | M4: {=_xlfn.TEXTJOIN("; ",TRUE,_xlfn.UNIQUE(_xlfn._xlws.FILTER('135 Raw Peak Audit'!$G$2:$G$136,('135 Raw Peak Audit'!$A$2:$A$136=$A4)*('135 Raw Peak Audit'!$G$2:$G$136<>""))))} -> Israel–Gaza ceasefire and post-conflict reconstruction commitments
A5: GPRD_11_4 | B5: 45729 | C5: 45719 | D5: 45747 | E5: 45735 | F5: 275.09213 | G5: 45729 | H5: 254.81291 | I5: 45736 | J5: 246.20436 | K5: {=ROWS(_xlfn.UNIQUE(_xlfn._xlws.FILTER('135 Raw Peak Audit'!$G$2:$G$136,('135 Raw Peak Audit'!$A$2:$A$136=$A5)*('135 Raw Peak Audit'!$G$2:$G$136<>""))))} -> 1 | L5: {=_xlfn.TEXTJOIN("; ",TRUE,_xlfn.UNIQUE(_xlfn._xlws.FILTER('135 Raw Peak Audit'!$I$2:$I$136,('135 Raw Peak Audit'!$A$2:$A$136=$A5)*('135 Raw Peak Audit'!$I$2:$I$136<>""))))} -> E06 | M5: {=_xlfn.TEXTJOIN("; ",TRUE,_xlfn.UNIQUE(_xlfn._xlws.FILTER('135 Raw Peak Audit'!$G$2:$G$136,('135 Raw Peak Audit'!$A$2:$A$136=$A5)*('135 Raw Peak Audit'!$G$2:$G$136<>""))))} -> Ukraine ceasefire diplomacy and Putin's response/conditions
A6: GPRD_11_5 | B6: 46091 | C6: 46069 | D6: 46097 | E6: 46085 | F6: 465.91864 | G6: 46091 | H6: 457.1106 | I6: 46086 | J6: 413.36316 | K6: {=ROWS(_xlfn.UNIQUE(_xlfn._xlws.FILTER('135 Raw Peak Audit'!$G$2:$G$136,('135 Raw Peak Audit'!$A$2:$A$136=$A6)*('135 Raw Peak Audit'!$G$2:$G$136<>""))))} -> 1 | L6: {=_xlfn.TEXTJOIN("; ",TRUE,_xlfn.UNIQUE(_xlfn._xlws.FILTER('135 Raw Peak Audit'!$I$2:$I$136,('135 Raw Peak Audit'!$A$2:$A$136=$A6)*('135 Raw Peak Audit'!$I$2:$I$136<>""))))} -> E07 | M6: {=_xlfn.TEXTJOIN("; ",TRUE,_xlfn.UNIQUE(_xlfn._xlws.FILTER('135 Raw Peak Audit'!$G$2:$G$136,('135 Raw Peak Audit'!$A$2:$A$136=$A6)*('135 Raw Peak Audit'!$G$2:$G$136<>""))))} -> US–Israeli war with Iran and halt to oil/gas exports through the Strait of Hormuz
A7: GPRD_21_1 | B7: 42338 | C7: 42307 | D7: 42355 | E7: 42325 | F7: 354.05188 | G7: 42326 | H7: 309.49536 | I7: 42333 | J7: 247.61719 | K7: {=ROWS(_xlfn.UNIQUE(_xlfn._xlws.FILTER('135 Raw Peak Audit'!$G$2:$G$136,('135 Raw Peak Audit'!$A$2:$A$136=$A7)*('135 Raw Peak Audit'!$G$2:$G$136<>""))))} -> 2 | L7: {=_xlfn.TEXTJOIN("; ",TRUE,_xlfn.UNIQUE(_xlfn._xlws.FILTER('135 Raw Peak Audit'!$I$2:$I$136,('135 Raw Peak Audit'!$A$2:$A$136=$A7)*('135 Raw Peak Audit'!$I$2:$I$136<>""))))} -> E03; E04 | M7: {=_xlfn.TEXTJOIN("; ",TRUE,_xlfn.UNIQUE(_xlfn._xlws.FILTER('135 Raw Peak Audit'!$G$2:$G$136,('135 Raw Peak Audit'!$A$2:$A$136=$A7)*('135 Raw Peak Audit'!$G$2:$G$136<>""))))} -> Paris attacks and the Saint-Denis anti-terror raid; Turkey shoots down a Russian military aircraft near the Syria border
A8: GPRD_21_2 | B8: 42893 | C8: 42874 | D8: 42901 | E8: 42893 | F8: 245.95683 | G8: 42892 | H8: 227.27736 | I8: 42881 | J8: 218.06873 | K8: {=ROWS(_xlfn.UNIQUE(_xlfn._xlws.FILTER('135 Raw Peak Audit'!$G$2:$G$136,('135 Raw Peak Audit'!$A$2:$A$136=$A8)*('135 Raw Peak Audit'!$G$2:$G$136<>""))))} -> 3 | L8: {=_xlfn.TEXTJOIN("; ",TRUE,_xlfn.UNIQUE(_xlfn._xlws.FILTER('135 Raw Peak Audit'!$I$2:$I$136,('135 Raw Peak Audit'!$A$2:$A$136=$A8)*('135 Raw Peak Audit'!$I$2:$I$136<>""))))} -> E08; E09; E37 | M8: {=_xlfn.TEXTJOIN("; ",TRUE,_xlfn.UNIQUE(_xlfn._xlws.FILTER('135 Raw Peak Audit'!$G$2:$G$136,('135 Raw Peak Audit'!$A$2:$A$136=$A8)*('135 Raw Peak Audit'!$G$2:$G$136<>""))))} -> Islamic State attacks on Iran's parliament and Khomeini shrine; Qatar diplomatic crisis begins as neighbouring states sever ties; Minya bus attack on Coptic Christians in Egypt
A9: GPRD_21_3 | B9: 43740 | C9: 43728 | D9: 43746 | E9: 43725 | F9: 253.34212 | G9: 43749 | H9: 204.31848 | I9: 43754 | J9: 193.50186 | K9: {=ROWS(_xlfn.UNIQUE(_xlfn._xlws.FILTER('135 Raw Peak Audit'!$G$2:$G$136,('135 Raw Peak Audit'!$A$2:$A$136=$A9)*('135 Raw Peak Audit'!$G$2:$G$136<>""))))} -> 2 | L9: {=_xlfn.TEXTJOIN("; ",TRUE,_xlfn.UNIQUE(_xlfn._xlws.FILTER('135 Raw Peak Audit'!$I$2:$I$136,('135 Raw Peak Audit'!$A$2:$A$136=$A9)*('135 Raw Peak Audit'!$I$2:$I$136<>""))))} -> E10; E11 | M9: {=_xlfn.TEXTJOIN("; ",TRUE,_xlfn.UNIQUE(_xlfn._xlws.FILTER('135 Raw Peak Audit'!$G$2:$G$136,('135 Raw Peak Audit'!$A$2:$A$136=$A9)*('135 Raw Peak Audit'!$G$2:$G$136<>""))))} -> Attacks on Saudi Aramco facilities and accusations against Iran; Turkey's Operation Peace Spring offensive in north-eastern Syria
A10: GPRD_21_4 | B10: 45070 | C10: 45062 | D10: 45077 | E10: 45077 | F10: 219.58307 | G10: 45069 | H10: 183.69136 | I10: 45078 | J10: 182.39716 | K10: {=ROWS(_xlfn.UNIQUE(_xlfn._xlws.FILTER('135 Raw Peak Audit'!$G$2:$G$136,('135 Raw Peak Audit'!$A$2:$A$136=$A10)*('135 Raw Peak Audit'!$G$2:$G$136<>""))))} -> 1 | L10: {=_xlfn.TEXTJOIN("; ",TRUE,_xlfn.UNIQUE(_xlfn._xlws.FILTER('135 Raw Peak Audit'!$I$2:$I$136,('135 Raw Peak Audit'!$A$2:$A$136=$A10)*('135 Raw Peak Audit'!$I$2:$I$136<>""))))} -> E12 | M10: {=_xlfn.TEXTJOIN("; ",TRUE,_xlfn.UNIQUE(_xlfn._xlws.FILTER('135 Raw Peak Audit'!$G$2:$G$136,('135 Raw Peak Audit'!$A$2:$A$136=$A10)*('135 Raw Peak Audit'!$G$2:$G$136<>""))))} -> Belgorod cross-border raids by anti-Kremlin fighters
A11: GPRD_21_5 | B11: 46098 | C11: 46064 | D11: 46104 | E11: 46085 | F11: 465.91864 | G11: 46091 | H11: 457.1106 | I11: 46112 | J11: 447.82227 | K11: {=ROWS(_xlfn.UNIQUE(_xlfn._xlws.FILTER('135 Raw Peak Audit'!$G$2:$G$136,('135 Raw Peak Audit'!$A$2:$A$136=$A11)*('135 Raw Peak Audit'!$G$2:$G$136<>""))))} -> 2 | L11: {=_xlfn.TEXTJOIN("; ",TRUE,_xlfn.UNIQUE(_xlfn._xlws.FILTER('135 Raw Peak Audit'!$I$2:$I$136,('135 Raw Peak Audit'!$A$2:$A$136=$A11)*('135 Raw Peak Audit'!$I$2:$I$136<>""))))} -> E07; E13 | M11: {=_xlfn.TEXTJOIN("; ",TRUE,_xlfn.UNIQUE(_xlfn._xlws.FILTER('135 Raw Peak Audit'!$G$2:$G$136,('135 Raw Peak Audit'!$A$2:$A$136=$A11)*('135 Raw Peak Audit'!$G$2:$G$136<>""))))} -> US–Israeli war with Iran and halt to oil/gas exports through the Strait of Hormuz; Tanker attack in Dubai amid the Iran war and Strait of Hormuz disruption
A12: GPRD_31_1 | B12: 44322 | C12: 44309 | D12: 44334 | E12: 44300 | F12: 186.30353 | G12: 44342 | H12: 176.61284 | I12: 44341 | J12: 170.94144 | K12: {=ROWS(_xlfn.UNIQUE(_xlfn._xlws.FILTER('135 Raw Peak Audit'!$G$2:$G$136,('135 Raw Peak Audit'!$A$2:$A$136=$A12)*('135 Raw Peak Audit'!$G$2:$G$136<>""))))} -> 2 | L12: {=_xlfn.TEXTJOIN("; ",TRUE,_xlfn.UNIQUE(_xlfn._xlws.FILTER('135 Raw Peak Audit'!$I$2:$I$136,('135 Raw Peak Audit'!$A$2:$A$136=$A12)*('135 Raw Peak Audit'!$I$2:$I$136<>""))))} -> E14; E05 | M12: {=_xlfn.TEXTJOIN("; ",TRUE,_xlfn.UNIQUE(_xlfn._xlws.FILTER('135 Raw Peak Audit'!$G$2:$G$136,('135 Raw Peak Audit'!$A$2:$A$136=$A12)*('135 Raw Peak Audit'!$G$2:$G$136<>""))))} -> President Biden announces withdrawal of US forces from Afghanistan; Israel–Gaza ceasefire and post-conflict reconstruction commitments
A13: GPRD_31_2 | B13: 44348 | C13: 44334 | D13: 44369 | E13: 44342 | F13: 176.61284 | G13: 44341 | H13: 170.94144 | I13: 44369 | J13: 170.60434 | K13: {=ROWS(_xlfn.UNIQUE(_xlfn._xlws.FILTER('135 Raw Peak Audit'!$G$2:$G$136,('135 Raw Peak Audit'!$A$2:$A$136=$A13)*('135 Raw Peak Audit'!$G$2:$G$136<>""))))} -> 1 | L13: {=_xlfn.TEXTJOIN("; ",TRUE,_xlfn.UNIQUE(_xlfn._xlws.FILTER('135 Raw Peak Audit'!$I$2:$I$136,('135 Raw Peak Audit'!$A$2:$A$136=$A13)*('135 Raw Peak Audit'!$I$2:$I$136<>""))))} -> E05 | M13: {=_xlfn.TEXTJOIN("; ",TRUE,_xlfn.UNIQUE(_xlfn._xlws.FILTER('135 Raw Peak Audit'!$G$2:$G$136,('135 Raw Peak Audit'!$A$2:$A$136=$A13)*('135 Raw Peak Audit'!$G$2:$G$136<>""))))} -> Israel–Gaza ceasefire and post-conflict reconstruction commitments
... A46: GPRD_THREAT_31_5 | B46: 46105 | C46: 46099 | D46: 46111 | E46: 46085 | F46: 548.06592 | G46: 46112 | H46: 492.85355 | I46: 46121 | J46: 488.78439 | K46: {=ROWS(_xlfn.UNIQUE(_xlfn._xlws.FILTER('135 Raw Peak Audit'!$G$2:$G$136,('135 Raw Peak Audit'!$A$2:$A$136=$A46)*('135 Raw Peak Audit'!$G$2:$G$136<>""))))} -> 3 | L46: {=_xlfn.TEXTJOIN("; ",TRUE,_xlfn.UNIQUE(_xlfn._xlws.FILTER('135 Raw Peak Audit'!$I$2:$I$136,('135 Raw Peak Audit'!$A$2:$A$136=$A46)*('135 Raw Peak Audit'!$I$2:$I$136<>""))))} -> E07; E13; E32 | M46: {=_xlfn.TEXTJOIN("; ",TRUE,_xlfn.UNIQUE(_xlfn._xlws.FILTER('135 Raw Peak Audit'!$G$2:$G$136,('135 Raw Peak Audit'!$A$2:$A$136=$A46)*('135 Raw Peak Audit'!$G$2:$G$136<>""))))} -> US–Israeli war with Iran and halt to oil/gas exports through the Strait of Hormuz; Tanker attack in Dubai amid the Iran war and Strait of Hormuz disruption; Shipping disruption continues despite the temporary US–Iran ceasefire

Sheet 135 Raw Peak Audit
A1: Event_ID | B1: Event_Start_Date | C1: Event_End_Date | D1: Raw_Rank | E1: Raw_Peak_Date | F1: Raw_GPR_Value | G1: Underlying_Event | H1: Uniqueness | I1: Source_ID | J1: Story_Break_Date | K1: Story_Date_Flag | L1: News_Start_Date | M1: News_End_Date | N1: Regression_Window_Flag
A2: GPRD_11_1 | B2: 42192 | C2: 42212 | D2: 1 | E2: 42200 | F2: 229.978 | G2: Iran nuclear deal reached in Vienna (JCPOA announcement) | H2: 2 | I2: =IF(G2="","",IFERROR(INDEX(Sources!$A$2:$A$99,MATCH(G2,Sources!$B$2:$B$99,0)),"MISSING SOURCE")) -> E01 | J2: 42199 | K2: =IF(E2<J2-1,"FLAG","OK") -> OK | L2: 42200 | M2: 42214 | N2: =IF(OR(E2<L2,E2>M2),"FLAG","OK") -> OK
A3: GPRD_11_1 | B3: 42192 | C3: 42212 | D3: 2 | E3: 42206 | F3: 193.97919 | G3: Suruç bombing and immediate Turkey–PKK/ISIS escalation | H3: 2 | I3: =IF(G3="","",IFERROR(INDEX(Sources!$A$2:$A$99,MATCH(G3,Sources!$B$2:$B$99,0)),"MISSING SOURCE")) -> E02 | J3: 42205 | K3: =IF(E3<J3-1,"FLAG","OK") -> OK | L3: 42200 | M3: 42214 | N3: =IF(OR(E3<L3,E3>M3),"FLAG","OK") -> OK
A4: GPRD_11_1 | B4: 42192 | C4: 42212 | D4: 3 | E4: 42207 | F4: 152.95497 | G4: Suruç bombing and immediate Turkey–PKK/ISIS escalation | H4: 2 | I4: =IF(G4="","",IFERROR(INDEX(Sources!$A$2:$A$99,MATCH(G4,Sources!$B$2:$B$99,0)),"MISSING SOURCE")) -> E02 | J4: 42205 | K4: =IF(E4<J4-1,"FLAG","OK") -> OK | L4: 42200 | M4: 42214 | N4: =IF(OR(E4<L4,E4>M4),"FLAG","OK") -> OK
A5: GPRD_11_2 | B5: 42314 | C5: 42338 | D5: 1 | E5: 42325 | F5: 354.05188 | G5: Paris attacks and the Saint-Denis anti-terror raid | H5: 2 | I5: =IF(G5="","",IFERROR(INDEX(Sources!$A$2:$A$99,MATCH(G5,Sources!$B$2:$B$99,0)),"MISSING SOURCE")) -> E03 | J5: 42321 | K5: =IF(E5<J5-1,"FLAG","OK") -> OK | L5: 42324 | M5: 42338 | N5: =IF(OR(E5<L5,E5>M5),"FLAG","OK") -> OK
A6: GPRD_11_2 | B6: 42314 | C6: 42338 | D6: 2 | E6: 42326 | F6: 309.49536 | G6: Paris attacks and the Saint-Denis anti-terror raid | H6: 2 | I6: =IF(G6="","",IFERROR(INDEX(Sources!$A$2:$A$99,MATCH(G6,Sources!$B$2:$B$99,0)),"MISSING SOURCE")) -> E03 | J6: 42321 | K6: =IF(E6<J6-1,"FLAG","OK") -> OK | L6: 42324 | M6: 42338 | N6: =IF(OR(E6<L6,E6>M6),"FLAG","OK") -> OK
A7: GPRD_11_2 | B7: 42314 | C7: 42338 | D7: 3 | E7: 42333 | F7: 247.61719 | G7: Turkey shoots down a Russian military aircraft near the Syria border | H7: 2 | I7: =IF(G7="","",IFERROR(INDEX(Sources!$A$2:$A$99,MATCH(G7,Sources!$B$2:$B$99,0)),"MISSING SOURCE")) -> E04 | J7: 42332 | K7: =IF(E7<J7-1,"FLAG","OK") -> OK | L7: 42324 | M7: 42338 | N7: =IF(OR(E7<L7,E7>M7),"FLAG","OK") -> OK
A8: GPRD_11_3 | B8: 44320 | C8: 44354 | D8: 1 | E8: 44342 | F8: 176.61284 | G8: Israel–Gaza ceasefire and post-conflict reconstruction commitments | H8: 1 | I8: =IF(G8="","",IFERROR(INDEX(Sources!$A$2:$A$99,MATCH(G8,Sources!$B$2:$B$99,0)),"MISSING SOURCE")) -> E05 | J8: 44337 | K8: =IF(E8<J8-1,"FLAG","OK") -> OK | L8: 44329 | M8: 44343 | N8: =IF(OR(E8<L8,E8>M8),"FLAG","OK") -> OK
A9: GPRD_11_3 | B9: 44320 | C9: 44354 | D9: 2 | E9: 44341 | F9: 170.94144 | G9: Israel–Gaza ceasefire and post-conflict reconstruction commitments | H9: 1 | I9: =IF(G9="","",IFERROR(INDEX(Sources!$A$2:$A$99,MATCH(G9,Sources!$B$2:$B$99,0)),"MISSING SOURCE")) -> E05 | J9: 44337 | K9: =IF(E9<J9-1,"FLAG","OK") -> OK | L9: 44329 | M9: 44343 | N9: =IF(OR(E9<L9,E9>M9),"FLAG","OK") -> OK
A10: GPRD_11_3 | B10: 44320 | C10: 44354 | D10: 3 | E10: 44337 | F10: 165.85251 | G10: Israel–Gaza ceasefire and post-conflict reconstruction commitments | H10: 1 | I10: =IF(G10="","",IFERROR(INDEX(Sources!$A$2:$A$99,MATCH(G10,Sources!$B$2:$B$99,0)),"MISSING SOURCE")) -> E05 | J10: 44337 | K10: =IF(E10<J10-1,"FLAG","OK") -> OK | L10: 44329 | M10: 44343 | N10: =IF(OR(E10<L10,E10>M10),"FLAG","OK") -> OK
A11: GPRD_11_4 | B11: 45719 | C11: 45747 | D11: 1 | E11: 45735 | F11: 275.09213 | G11: Ukraine ceasefire diplomacy and Putin's response/conditions | H11: 1 | I11: =IF(G11="","",IFERROR(INDEX(Sources!$A$2:$A$99,MATCH(G11,Sources!$B$2:$B$99,0)),"MISSING SOURCE")) -> E06 | J11: 45727 | K11: =IF(E11<J11-1,"FLAG","OK") -> OK | L11: 45722 | M11: 45736 | N11: =IF(OR(E11<L11,E11>M11),"FLAG","OK") -> OK
A12: GPRD_11_4 | B12: 45719 | C12: 45747 | D12: 2 | E12: 45729 | F12: 254.81291 | G12: Ukraine ceasefire diplomacy and Putin's response/conditions | H12: 1 | I12: =IF(G12="","",IFERROR(INDEX(Sources!$A$2:$A$99,MATCH(G12,Sources!$B$2:$B$99,0)),"MISSING SOURCE")) -> E06 | J12: 45727 | K12: =IF(E12<J12-1,"FLAG","OK") -> OK | L12: 45722 | M12: 45736 | N12: =IF(OR(E12<L12,E12>M12),"FLAG","OK") -> OK
A13: GPRD_11_4 | B13: 45719 | C13: 45747 | D13: 3 | E13: 45736 | F13: 246.20436 | G13: Ukraine ceasefire diplomacy and Putin's response/conditions | H13: 1 | I13: =IF(G13="","",IFERROR(INDEX(Sources!$A$2:$A$99,MATCH(G13,Sources!$B$2:$B$99,0)),"MISSING SOURCE")) -> E06 | J13: 45727 | K13: =IF(E13<J13-1,"FLAG","OK") -> OK | L13: 45722 | M13: 45736 | N13: =IF(OR(E13<L13,E13>M13),"FLAG","OK") -> OK
... A136: GPRD_THREAT_31_5 | B136: 46099 | C136: 46111 | D136: 3 | E136: 46121 | F136: 488.78439 | G136: Shipping disruption continues despite the temporary US–Iran ceasefire | H136: 3 | I136: =IF(G136="","",IFERROR(INDEX(Sources!$A$2:$A$99,MATCH(G136,Sources!$B$2:$B$99,0)),"MISSING SOURCE")) -> E32 | J136: 46120 | K136: =IF(E136<J136-1,"FLAG","OK") -> OK | L136: 46084 | M136: 46128 | N136: =IF(OR(E136<L136,E136>M136),"FLAG","OK") -> OK

Sheet Sources
A1: Source_ID | B1: Underlying_Event | C1: Story_Break_Date | D1: Primary_Publisher | E1: Primary_Publication_Date | F1: Primary_Source_Headline | G1: Primary_Source_URL | H1: Supporting_Publisher | I1: Supporting_Publication_Date | J1: Supporting_Source_Headline | K1: Supporting_Source_URL | L1: Peak-Date / Evidence Note
A2: E01 | B2: Iran nuclear deal reached in Vienna (JCPOA announcement) | C2: 42199 | D2: The Guardian | E2: 42199 | F2: Iran nuclear deal reached in Vienna | G2: https://www.theguardian.com/world/2015/jul/14/iran-nuclear-deal-expected-to-be-announced-in-vienna | L2: The 14 July JCPOA announcement directly predates the 15 July peak. The unrelated Turkey–Syria supporting article has been removed.
A3: E02 | B3: Suruç bombing and immediate Turkey–PKK/ISIS escalation | C3: 42205 | D3: UK Government (GOV.UK) | E3: 42205 | F3: Foreign Secretary condemns suicide attack in Turkey | G3: https://www.gov.uk/government/news/foreign-secretary-condemns-suicide-attack-in-turkey | L3: The Foreign Secretary's statement was published on 20 July, the day of the Suruç bombing, and directly names the attack. It supports the 21–22 July aftermath without creating the earlier 15 July temporal problem.
A4: E03 | B4: Paris attacks and the Saint-Denis anti-terror raid | C4: 42321 | D4: UK Government (GOV.UK) | E4: 42322 | F4: COBR meeting on Paris attacks and call with President Hollande: 14 November | G4: https://www.gov.uk/government/news/cobr-meeting-on-paris-attacks-and-call-with-president-hollande-14-november | H4: The Guardian | I4: 42326 | J4: What do we know about the St-Denis raids? | K4: https://www.theguardian.com/world/2015/nov/18/what-we-know-about-st-denis-raids-paris-attacks | L4: The 13 November Guardian report covers the Paris attacks; the 18 November Guardian report separately covers the St-Denis raid. Both selected dates therefore have contemporaneous support.
A5: E04 | B5: Turkey shoots down a Russian military aircraft near the Syria border | C5: 42332 | D5: The Guardian | E5: 42332 | F5: Shooting down of Russian jet – how the day unfolded | G5: https://www.theguardian.com/world/2015/nov/24/shooting-down-of-russian-jet-how-the-day-unfolded | L5: The selected 25 November raw peak is the immediate aftermath of the 24 November downing; do not assign the November 17–18 Paris/Saint-Denis dates to this story.
A6: E05 | B6: Israel–Gaza ceasefire and post-conflict reconstruction commitments | C6: 44337 | D6: The Guardian | E6: 44337 | F6: World leaders hail Gaza-Israel ceasefire and vow to help Palestinians rebuild | G6: https://www.theguardian.com/world/2021/may/21/gaza-israel-ceasefire-biden-raab-guterres | H6: UN Office for the Coordination of Humanitarian Affairs (OCHA) | I6: 44372 | J6: Response to the escalation in the oPt | Situation Report No. 5 (18-24 June 2021) | K6: https://www.ochaopt.org/content/response-escalation-opt-situation-report-no-5-18-24-june-2021 | L6: The 21 May Guardian report documents the ceasefire and immediate reconstruction commitment. The page reports first publication at 23:29 EDT on 20 May, equivalent to 04:29 BST on 21 May; the publication date recorded here matches the URL/UK calendar date. The OCHA situation report covers 18–24 June and confirms that the ceasefire was largely holding during the 22 June peak.
A7: E06 | B7: Ukraine ceasefire diplomacy and Putin's response/conditions | C7: 45727 | D7: The Guardian | E7: 45727 | F7: Ukraine agrees to 30-day ceasefire as US prepares to lift military aid restrictions | G7: https://www.theguardian.com/world/2025/mar/11/ukraine-agrees-to-30-day-ceasefire-as-us-prepares-to-lift-military-aid-restrictions | H7: The Guardian | I7: 45735 | J7: Europe’s leaders react with scepticism to partial Ukraine ceasefire | K7: https://www.theguardian.com/world/2025/mar/19/europe-leaders-react-with-scepticism-to-partial-ukraine-ceasefire-russia-putin | L7: The 11 March Guardian source establishes the ceasefire proposal and the 19 March Guardian source documents the later European/Putin response. The updated regression window includes 20 February, 18 March and 19 March for the relevant ACT episode, so the February rupture should remain separate from the March diplomacy.
A8: E07 | B8: US–Israeli war with Iran and halt to oil/gas exports through the Strait of Hormuz | C8: 46081 | D8: The Guardian | E8: 46081 | F8: US and Israel launch strikes on Iran: what we know so far | G8: https://www.theguardian.com/world/2026/feb/28/us-israel-launch-strikes-attack-iran-what-we-know-so-far-latest | H8: The Guardian | I8: 46084 | J8: Iran has largely halted oil and gas exports through strait of Hormuz | K8: https://www.theguardian.com/world/2026/mar/03/iran-has-largely-halted-oil-and-gas-exports-through-strait-of-hormuz | L8: The 28 February Guardian report establishes the start of the US–Israeli strikes on Iran. The 3 March Guardian report documents the resulting Strait of Hormuz oil and gas disruption, covering the early-March peaks as the conflict develops.
A9: E08 | B9: Islamic State attacks on Iran's parliament and Khomeini shrine | C9: 42893 | D9: The Guardian | E9: 42893 | F9: Iranian military blames Saudis after 12 killed in Tehran terrorist attack | G9: https://www.theguardian.com/world/2017/jun/07/shootings-iranian-parliament-khomeini-shrine | L9: Direct match for the 7 June top raw day; distinguish it from the Qatar crisis on 5–6 June.
A10: E09 | B10: Qatar diplomatic crisis begins as neighbouring states sever ties | C10: 42891 | D10: The Guardian | E10: 42891 | F10: Gulf plunged into diplomatic crisis as countries cut ties with Qatar | G10: https://www.theguardian.com/world/2017/jun/05/saudi-arabia-and-bahrain-break-diplomatic-ties-with-qatar-over-terrorism | L10: Use for the 5–6 June diplomatic-break story, not for the earlier 26 May raw peak; the QNA hack is recorded separately above.
A11: E10 | B11: Attacks on Saudi Aramco facilities and accusations against Iran | C11: 43722 | D11: The Guardian | E11: 43722 | F11: Pompeo: Iran behind attack on Saudi oil facilities that will reduce kingdom's output | G11: https://www.theguardian.com/world/2019/sep/14/pompeo-iran-saudi-arabia-oil-yemen-houthi | L11: The 17 and 19 September peaks are in the immediate aftermath of the 14 September Aramco attacks; the 16 October peak should instead be evaluated against the Turkish offensive below.
A12: E11 | B12: Turkey's Operation Peace Spring offensive in north-eastern Syria | C12: 43747 | D12: The Guardian | E12: 43747 | F12: Turkey unleashes airstrikes against Kurds in north-east Syria | G12: https://www.theguardian.com/world/2019/oct/09/turkey-launches-military-operation-in-northern-syria-erdogan | L12: The 9 October Guardian report documents the start of Turkey’s offensive. The 11 and 16 October peaks fall within that continuing operation; the story had already begun, so the label does not precede the event.
A13: E12 | B13: Belgorod cross-border raids by anti-Kremlin fighters | C13: 45068 | D13: The Guardian | E13: 45068 | F13: Anti-Putin militia claims to have overrun village in Russia border region of Belgorod | G13: https://www.theguardian.com/world/2023/may/22/anti-kremlin-militia-freedom-of-russia-legion-overrun-russian-border-village-kozinka | H13: The Guardian | I13: 45078 | J13: Anti-Putin partisans shell Russian town four miles from Ukraine border | K13: https://www.theguardian.com/world/2023/jun/01/anti-putin-partisans-shell-russian-town | L13: The 22 May Guardian report documents the first Belgorod incursion. The 1 June Guardian report documents the later cross-border action. Both are needed because the selected peaks include 23 May, 31 May and 1 June.
A14: E13 | B14: Tanker attack in Dubai amid the Iran war and Strait of Hormuz disruption | C14: 46112 | D14: The Guardian | E14: 46112 | F14: ‘There’s no safe place here’: Kuwaiti tanker hit by Iranian drone attack in Dubai port | G14: https://www.theguardian.com/world/2026/mar/31/kuwaiti-tanker-hit-by-iranian-attack-in-dubai-port-raising-oil-spill-fears | L14: Replaced the generic liveblog URL with the direct Guardian report on the 31 March tanker attack, with matching headline and publication date.
A15: E14 | B15: President Biden announces withdrawal of US forces from Afghanistan | C15: 44300 | D15: United Nations (Secretary-General briefing) | E15: 44300 | F15: Daily Press Briefing by the Office of the Spokesperson for the Secretary-General | G15: https://press.un.org/en/2021/db210414.doc.htm | L15: The UN briefing is dated 14 April and directly addresses the US/NATO withdrawal announcement; the unrelated TIME supporting source has been removed.
A16: E15 | B16: Hamas-led attacks on Israel and the start of the Gaza war | C16: 45206 | D16: The Guardian | E16: 45206 | F16: Israel and Hamas at war after surprise attacks from Gaza Strip | G16: https://www.theguardian.com/world/2023/oct/07/hamas-launches-surprise-attack-on-israel-as-palestinian-gunmen-reported-in-south | H16: UN Office for the Coordination of Humanitarian Affairs (OCHA) | I16: 45218 | J16: Hostilities in the Gaza Strip and Israel | Flash Update #13 | K16: https://www.ochaopt.org/content/hostilities-gaza-strip-and-israel-flash-update-13 | L16: Changed the primary citation to same-day reporting on the 7 October start of the war. The 19 October OCHA update is retained as official evidence that hostilities were ongoing during the later raw-peak dates.
A17: E16 | B17: Israel–Iran war, US intervention and June ceasefire | C17: 45821 | D17: United Nations Security Council (meeting coverage) | E17: 45821 | F17: Meeting in Wake of Israeli Air Strikes on Iran, Delegates in Security Council Urge De-escalation, Diplomacy to Prevent Further Strain in Conflict-Ridden Region | G17: https://press.un.org/en/2025/sc16087.doc.htm | H17: The Guardian | I17: 45832 | J17: Ceasefire, strikes and fury from Trump: chaotic 24 hours in Israel-Iran war | K17: https://www.theguardian.com/world/2025/jun/24/chaotic-24-hours-in-israel-iran-war | L17: The UN Security Council source establishes the 13 June start of the Israel–Iran war. The 24 June Guardian report documents the ceasefire developments during the later phase of the conflict. The 18, 24 and 25 June peaks are therefore covered without using a Times of Israel source.
A18: E17 | B18: Iran's accidental downing of Ukraine International Airlines Flight PS752 | C18: 43838 | D18: The Guardian | E18: 43839 | F18: Iran crash: plane shot down by accident, western officials believe | G18: https://www.theguardian.com/world/2020/jan/09/tehran-crash-plane-downed-by-iranian-missile-western-officials-believe | H18: The Guardian | I18: 43841 | J18: Iran admits shooting down Ukrainian airliner unintentionally | K18: https://www.theguardian.com/world/2020/jan/11/iran-admits-shooting-down-ukrainian-airliner-unintentionally | L18: Primary source changed to reporting published on 9 January about the crash and early investigation, which better matches the 9–10 January raw peaks. The 11 January admission is retained as later confirmation, not as the source for the earlier observations.
A19: E18 | B19: US killing of Iranian general Qassem Soleimani | C19: 43833 | D19: UK Government (GOV.UK) | E19: 43833 | F19: Iran: UK responds to US airstrike on military commander in Iraq | G19: https://www.gov.uk/government/news/iran-uk-responds-to-us-airstrike-on-military-commander-in-iraq | L19: The Foreign and Commonwealth Office statement was published on 3 January and directly addresses the US airstrike that killed Qasem Soleimani. It is a stronger official-source choice than the Guardian article and fits Henco's requested source mix.
A20: E19 | B20: May 2021 escalation of hostilities between Israel and Gaza | C20: 44326 | D20: UN Office for the Coordination of Humanitarian Affairs (OCHA) | E20: 44338 | F20: Gaza Strip: Escalation of hostilities 10–21 May 2021 | G20: https://www.ochaopt.org/content/gaza-strip-escalation-hostilities-10-21-may-2021 | H20: The Guardian | I20: 44326 | J20: Israel launches airstrikes on Gaza Strip after Hamas rocket attacks | K20: https://www.theguardian.com/world/2021/may/10/hamas-fires-rockets-into-israel-in-dispute-over-jerusalem-mosque | L20: Official OCHA source reports the hostilities over 10–21 May and was published after that reporting period. The additional Guardian report is contemporaneous with the 10 May escalation.
A21: E20 | B21: Battle of Aleppo and December Syria ceasefire | C21: 42717 | D21: The Guardian | E21: 42717 | F21: Aleppo: Russia-Turkey ceasefire deal offers hope of survival for residents | G21: https://www.theguardian.com/world/2016/dec/13/deal-reached-to-evacuate-rebels-and-civilians-from-aleppo | H21: The Guardian | I21: 42734 | J21: Syria ceasefire holds as Russia and Turkey seek UN support | K21: https://www.theguardian.com/world/2016/dec/30/syria-ceasefire-remains-intact-despite-apparent-government-violations | L21: Retained for the 30 December 2016 raw peak covering the Syria ceasefire, with the 13 December Aleppo report retained as broader context. The 21 and 23 December raw peaks were reassigned to the Berlin Christmas market attack/manhunt (E39) after review. The assassination of the Russian ambassador in Ankara also occurred on 19 December; the attribution records the selected news episode, not proof that one story alone drove the aggregate GPR index.
A22: E21 | B22: Trump–Zelensky dispute and public blame over the war in Ukraine | C22: 45707 | D22: The Guardian | E22: 45707 | F22: Trump blames Ukraine over war with Russia, saying it could have made a deal | G22: https://www.theguardian.com/world/2025/feb/19/trump-ukraine-war-russia-could-have-made-a-deal | L22: The 20 February raw peak should not be labelled as March ceasefire talks; this was a distinct and earlier US–Ukraine diplomatic rupture.
A23: E22 | B23: Volnovakha bus shelling in eastern Ukraine | C23: 42017 | D23: United Nations (Security Council) | E23: 42017 | F23: Security Council Press Statement on Killing of Bus Passengers in Donetsk Region, Ukraine | G23: https://press.un.org/en/2015/sc11733.doc.htm | L23: The UN Security Council statement was issued on 13 January, the day of the Volnovakha bus shelling, and directly identifies the incident and casualties. It is stronger for the final source set than the OSCE report published the following day.
A24: E23 | B24: Fighting and the fall of Donetsk airport during the Donbas conflict | C24: 42019 | D24: The Guardian | E24: 42019 | F24: Russia-backed separatists seize Donetsk airport in Ukraine | G24: https://www.theguardian.com/world/2015/jan/15/russian-backed-separatists-seize-donetsk-airport-ukraine | L24: The Guardian article is hosted and published by The Guardian, although the report is credited to the Associated Press. The 15–16 January raw peaks fall on reporting of the airport's fall and continuing fighting; this remains separate from the Volnovakha bus attack.
A25: E24 | B25: India–Pakistan escalation from Pulwama through the Balakot airstrike | C25: 43510 | D25: The Guardian | E25: 43510 | F25: Dozens of Indian paramilitaries killed in Kashmir car bombing | G25: https://www.theguardian.com/world/2019/feb/14/indian-paramilitaries-killed-in-suicide-car-bombing-in-kashmir | H25: The Guardian | I25: 43529 | J25: Kashmir's fog of war: how conflicting accounts benefit both sides | K25: https://www.theguardian.com/world/2019/mar/05/kashmir-fog-of-war-how-conflicting-accounts-benefit-india-pakistan | L25: The 14 February Guardian article establishes the episode before the 15 February peak. The 5 March Guardian follow-up covers the 26 February Balakot airstrikes and continuing India–Pakistan confrontation. I did not find a Guardian article published on 19 March 2019 among the sources checked, so that later peak is supported by the broader ongoing-crisis label rather than a same-day Guardian citation.
A26: E25 | B26: Christchurch mosque attacks in New Zealand | C26: 43539 | D26: The Guardian | E26: 43539 | F26: Christchurch massacre: PM confirms children among shooting victims – as it happened | G26: https://www.theguardian.com/world/live/2019/mar/15/christchurch-shooting-injuries-reported-as-police-respond-to-critical-incident-live?filterKeyEvents=false&page=with%3Ablock-5c8b6921e4b016d23425c518 | H26: The Guardian | I26: 43543 | J26: Ardern says she will never speak name of Christchurch suspect | K26: https://www.theguardian.com/world/2019/mar/19/new-zealand-shooting-ardern-says-she-will-never-speak-suspects-name | L26: The underlying episode is the Christchurch mosque attacks of 15 March 2019. Same-day Guardian coverage is the primary source; the 19 March Ardern article is retained as supporting follow-up. The selected raw peak remains 19 March 2019 in GPRD_ACT_31_4.
A27: E26 | B27: North Korea's announced nuclear test | C27: 42375 | D27: Comprehensive Nuclear-Test-Ban Treaty Organization (CTBTO) | E27: 42375 | F27: CTBTO Executive Secretary Lassina Zerbo on the unusual seismic event detected in the Democratic People's Republic of Korea on 06 January 2016 | G27: https://www.ctbto.org/resources/for-the-media/press-releases/ctbto-executive-secretary-lassina-zerbo-unusual-seismic | L27: The CTBTO press release is dated 6 January and reports detection at 01:30 UTC. That is 20:30 EST on 5 January, which explains why a raw GPR peak can appear on 5 January while the official source date is 6 January. The one-day difference is within the audit's allowed tolerance; later selected peaks are also covered by the same test story.
A28: E27 | B28: Russia's full-scale invasion of Ukraine | C28: 44616 | D28: United Nations Secretary-General (UN press release) | E28: 44616 | F28: Secretary-General, in Statement on Ukraine, Calls Russian Federation’s Military Offensive ‘Wrong, against Charter, Unacceptable, But Not Irreversible’ | G28: https://press.un.org/en/2022/sgsm21158.doc.htm | L28: Corrected the shortened headline to the exact official UN title. The statement is dated 24 February, the day of the full-scale invasion.
A29: E28 | B29: Russia's takeover of Crimea / Ukraine crisis | C29: 41702 | D29: The Guardian | E29: 41702 | F29: Ukraine crisis: Kerry says Russia 'hiding hand behind falsehoods' | G29: https://www.theguardian.com/world/2014/mar/04/ukraine-crisis-shots-fired-crimea-airbase | H29: The Guardian | I29: 41716 | J29: Putin signs treaty to annex Crimea as Ukraine authorises use of force | K29: https://www.theguardian.com/world/2014/mar/18/ukraine-crisis-putin-plan-crimea-annex-speech-russia-live | L29: The 4–5 March peaks are covered by same-day Guardian reporting on Russian control of Crimea; the 18 March peak is covered by same-day Guardian reporting on Putin’s annexation announcement.
A30: E29 | B30: NATO Wales Summit and pledge of support to Ukraine | C30: 41886 | D30: UK Government (GOV.UK) | E30: 41885 | F30: NATO Summit Wales 2014 - as it happened | G30: https://www.gov.uk/government/news/nato-summit-wales-2014-live | L30: Official UK government live coverage was published on 3 September and records the 4 September day-one announcements, including leaders pledging strong support for Ukraine. This is preferable to the NATO-hosted source because it matches Henco's requested source set while directly documenting the 4 September event.
A31: E30 | B31: Islamic State video claiming to show the killing of Steven Sotloff | C31: 41884 | D31: The Guardian | E31: 41884 | F31: Steven Sotloff: Isis video claims to show beheading of US journalist | G31: https://www.theguardian.com/world/2014/sep/02/isis-video-steven-sotloff-beheading | L31: The selected 2 September raw day corresponds to the Sotloff video, not the James Foley killing in August.
A32: E31 | B32: US airstrikes against ISIS targets in Iraq | C32: 41859 | D32: The Guardian | E32: 41859 | F32: US begins air strikes against Isis targets in Iraq, Pentagon says | G32: https://www.theguardian.com/world/2014/aug/08/us-begins-air-strikes-iraq-isis | L32: Direct same-day match for the selected 8 August raw-GPR observation; this replaces the old Russian aid-convoy label for that day.
A33: E32 | B33: Shipping disruption continues despite the temporary US–Iran ceasefire | C33: 46120 | D33: The Guardian | E33: 46120 | F33: Ceasefire changes little for shipping in strait of Hormuz, experts say | G33: https://www.theguardian.com/world/2026/apr/08/us-iran-ceasefire-mass-exodus-ships-strait-hormuz-analysts | L33: Published on 8 April and directly discusses persistent shipping disruption; relevant to the 9 April raw peak.
A34: E33 | B34: US naval blockade of Iranian ports and continuing Strait of Hormuz disruption | C34: 46125 | D34: The Guardian | E34: 46125 | F34: US starts naval blockade of Iranian ports after deadline passes | G34: https://www.theguardian.com/world/2026/apr/13/deadline-passes-for-us-blockade-on-ships-using-iranian-ports-to-begin | H34: The Guardian | I34: 46126 | J34: Middle East crisis live: Hezbollah urges Lebanon to pull out of talks with Israel; blockade of strait of Hormuz begins | K34: https://www.theguardian.com/world/live/2026/apr/14/middle-east-crisis-live-hezbollah-urges-lebanon-to-pull-out-of-talks-with-israel-blockade-of-strait-of-hormuz-begins | L34: The primary Guardian article documents the blockade start on 13 April. The supporting liveblog URL uses 14 April; its first-publication timestamp is 21:29 EDT on 13 April, equivalent to 02:29 BST on 14 April. The supporting publication date is recorded as 14 April to match the URL/UK date convention.
A35: E34 | B35: North Korean threat to strike Guam and Trump 'fire and fury' response | C35: 42955 | D35: The Guardian | E35: 42956 | F35: US airbase in Guam threatened by North Korea as Trump promises 'fire and fury' | G35: https://www.theguardian.com/world/2017/aug/09/north-korea-us-airbase-guam-trump-fire-fury | H35: The Guardian | I35: 42957 | J35: North Korea details Guam strike plan and calls Trump 'bereft of reason' | K35: https://www.theguardian.com/world/2017/aug/10/north-korea-details-guam-strike-trump-load-of-nonsense | L35: The article page records first publication at 23:51 EDT on 8 August 2017, equivalent to 04:51 BST on 9 August. The publication date in the table follows the URL/UK calendar date (9 August); the story itself broke on 8 August in the US. The 10 August article provides follow-up.
A36: E35 | B36: North Korea's first successful intercontinental ballistic missile test of July 2017 | C36: 42920 | D36: The Guardian | E36: 42920 | F36: North Korea claims successful test of intercontinental ballistic missile | G36: https://www.theguardian.com/world/2017/jul/04/north-korea-launches-ballistic-missile-japans-defence-ministry-says | L36: The 5–6 July raw peaks follow the ICBM launch. The 10 August selected peak is a distinct later Guam-threat story and should not be labelled as the July test.
A37: E36 | B37: Nancy Pelosi's Taiwan visit and China's announced military drills | C37: 44775 | D37: The Guardian | E37: 44775 | F37: Nancy Pelosi arrives in Taiwan as China puts military on high alert | G37: https://www.theguardian.com/world/2022/aug/02/nancy-pelosi-lands-in-taiwan-amid-soaring-tensions-with-china | L37: The 2–4 August raw peaks correspond to Pelosi's visit and China's military response, not the July 2022 Vinnytsia missile strike.
A38: E37 | B38: Minya bus attack on Coptic Christians in Egypt | C38: 42881 | D38: The Guardian | E38: 42881 | F38: Egypt launches raids in Libya after attack on Coptic Christians kills 26 | G38: https://www.theguardian.com/world/2017/may/26/several-killed-in-attack-on-bus-carrying-coptic-christians-in-egypt | L38: Assigned to the 26 May 2017 raw peak in GPRD_ACT_21_3. Same-day Guardian coverage identifies the Minya bus attack on Coptic Christians as an ACT-type event. This attribution does not prove that the story alone drove the index.
A39: E38 | B39: Berlin Christmas market attack and manhunt for Anis Amri | C39: 42723 | D39: The Guardian | E39: 42725 | F39: Berlin Christmas market attack: a graphical guide to what we know so far | G39: https://www.theguardian.com/world/2016/dec/21/berlin-christmas-market-attack-a-graphical-guide-to-what-we-know-so-far | H39: The Guardian | I39: 42727 | J39: Berlin attack suspect pledged allegiance to Isis in video – live coverage | K39: https://www.theguardian.com/world/live/2016/dec/23/berlin-market-attack-suspect-anis-amri-killed-in-milan-reports-say-live-coverage?page=with%3Ablock-585d2f0ee4b06265ff0d6175 | L39: Assigned to the 21 and 23 December 2016 raw peaks in the 21- and 31-day ACT specifications. The 21 December Guardian report covers the Berlin market attack and manhunt; the 23 December live coverage reports Anis Amri was shot dead in Milan. The Russian ambassador was also assassinated in Ankara on 19 December, so the GPR peak should not be interpreted as proof that the Berlin story alone drove the index.
